{
  "300s Interval": {
    "Stats Size": {
      "Size": 64,
      "Min": 8996.000000,
      "Mean": 9382.812500,
      "Max": 9618.000000,
      "PopulationVariance": 17119.964844,
      "SampleVariance": 17391.710317,
      "PopulationStandardDeviation": 130.843284,
      "SampleStandardDeviation": 131.877634,
      "PopulationSkew": -0.576738,
      "SampleSkew": -0.590673,
      "PopulationKurtosis": 0.115091,
      "SampleKurtosis": 0.224563
    },
    "Stats Min": {
      "Size": 64,
      "Min": -1.000000,
      "Mean": -0.015625,
      "Max": 0.000000,
      "PopulationVariance": 0.015381,
      "SampleVariance": 0.015625,
      "PopulationStandardDeviation": 0.124020,
      "SampleStandardDeviation": 0.125000,
      "PopulationSkew": -7.811266,
      "SampleSkew": -8.000000,
      "PopulationKurtosis": 59.015873,
      "SampleKurtosis": 64.000000
    },
    "Stats Mean": {
      "Size": 64,
      "Min": 0.687257,
      "Mean": 0.736866,
      "Max": 0.795909,
      "PopulationVariance": 0.000578,
      "SampleVariance": 0.000587,
      "PopulationStandardDeviation": 0.024034,
      "SampleStandardDeviation": 0.024224,
      "PopulationSkew": 0.389632,
      "SampleSkew": 0.399047,
      "PopulationKurtosis": -0.316512,
      "SampleKurtosis": -0.242760
    },
    "Stats Max": {
      "Size": 64,
      "Min": 8.000000,
      "Mean": 11.640625,
      "Max": 21.000000,
      "PopulationVariance": 7.448975,
      "SampleVariance": 7.567212,
      "PopulationStandardDeviation": 2.729281,
      "SampleStandardDeviation": 2.750857,
      "PopulationSkew": 0.845372,
      "SampleSkew": 0.865798,
      "PopulationKurtosis": 0.643769,
      "SampleKurtosis": 0.796995
    },
    "Stats PopulationVariance": {
      "Size": 64,
      "Min": 0.576274,
      "Mean": 0.828453,
      "Max": 1.222526,
      "PopulationVariance": 0.027296,
      "SampleVariance": 0.027729,
      "PopulationStandardDeviation": 0.165215,
      "SampleStandardDeviation": 0.166521,
      "PopulationSkew": 0.635805,
      "SampleSkew": 0.651167,
      "PopulationKurtosis": -0.309629,
      "SampleKurtosis": -0.235307
    },
    "Stats SampleVariance": {
      "Size": 64,
      "Min": 0.576336,
      "Mean": 0.828541,
      "Max": 1.222657,
      "PopulationVariance": 0.027302,
      "SampleVariance": 0.027735,
      "PopulationStandardDeviation": 0.165233,
      "SampleStandardDeviation": 0.166539,
      "PopulationSkew": 0.635811,
      "SampleSkew": 0.651174,
      "PopulationKurtosis": -0.309613,
      "SampleKurtosis": -0.235289
    },
    "Stats PopulationStandardDeviation": {
      "Size": 64,
      "Min": 0.759127,
      "Mean": 0.905825,
      "Max": 1.105679,
      "PopulationVariance": 0.007934,
      "SampleVariance": 0.008060,
      "PopulationStandardDeviation": 0.089074,
      "SampleStandardDeviation": 0.089778,
      "PopulationSkew": 0.454537,
      "SampleSkew": 0.465520,
      "PopulationKurtosis": -0.543365,
      "SampleKurtosis": -0.488387
    },
    "Stats SampleStandardDeviation": {
      "Size": 64,
      "Min": 0.759168,
      "Mean": 0.905873,
      "Max": 1.105738,
      "PopulationVariance": 0.007935,
      "SampleVariance": 0.008061,
      "PopulationStandardDeviation": 0.089078,
      "SampleStandardDeviation": 0.089783,
      "PopulationSkew": 0.454543,
      "SampleSkew": 0.465525,
      "PopulationKurtosis": -0.543353,
      "SampleKurtosis": -0.488374
    },
    "Stats PopulationSkew": {
      "Size": 64,
      "Min": 1.936461,
      "Mean": 3.309920,
      "Max": 7.485406,
      "PopulationVariance": 1.055262,
      "SampleVariance": 1.072012,
      "PopulationStandardDeviation": 1.027260,
      "SampleStandardDeviation": 1.035380,
      "PopulationSkew": 1.232986,
      "SampleSkew": 1.262778,
      "PopulationKurtosis": 2.638124,
      "SampleKurtosis": 2.956403
    },
    "Stats SampleSkew": {
      "Size": 64,
      "Min": 1.936770,
      "Mean": 3.310450,
      "Max": 7.486609,
      "PopulationVariance": 1.055600,
      "SampleVariance": 1.072356,
      "PopulationStandardDeviation": 1.027424,
      "SampleStandardDeviation": 1.035546,
      "PopulationSkew": 1.232990,
      "SampleSkew": 1.262781,
      "PopulationKurtosis": 2.638139,
      "SampleKurtosis": 2.956419
    },
    "Stats PopulationKurtosis": {
      "Size": 64,
      "Min": 8.468866,
      "Mean": 23.804846,
      "Max": 99.115822,
      "PopulationVariance": 214.522277,
      "SampleVariance": 217.927393,
      "PopulationStandardDeviation": 14.646579,
      "SampleStandardDeviation": 14.762364,
      "PopulationSkew": 2.388810,
      "SampleSkew": 2.446528,
      "PopulationKurtosis": 8.945575,
      "SampleKurtosis": 9.785862
    },
    "Stats SampleKurtosis": {
      "Size": 64,
      "Min": 8.473999,
      "Mean": 23.818180,
      "Max": 99.169579,
      "PopulationVariance": 214.751701,
      "SampleVariance": 218.160459,
      "PopulationStandardDeviation": 14.654409,
      "SampleStandardDeviation": 14.770256,
      "PopulationSkew": 2.388821,
      "SampleSkew": 2.446539,
      "PopulationKurtosis": 8.945658,
      "SampleKurtosis": 9.785952
    }
  }
}